song,artist,genre,mood,language
Teeth,5 Seconds of Summer,Pop Rock,Energetic,English
Youngblood,5 Seconds of Summer,Pop Rock,Energetic,English
Take On Me,a-ha,Synth-Pop,Energetic,English
Coffee,A!ka,Pop,,English
Super Trouper,ABBA,Disco,Sad,English
Why Did it Have to be Me,ABBA,Disco,Sad,English
"Andante, Andante",ABBA,Pop,Love,English
Fernando,ABBA,Pop,Nostalgic,English
"Money, Money, Money",ABBA,Disco,Happy,English
Take a Chance on Me,ABBA,Disco,Energetic,English
I Have A Dream,ABBA,Pop,Happy,English
Thank You For The Music,ABBA,Pop,Love,English
Dancing Queen,ABBA,Disco,Happy,English
The Winner Takes It All,ABBA,Pop,Sad,English
Gimme! Gimme! Gimme!,ABBA,Disco,Energetic,English
Mamma Mia,ABBA,Disco,Happy,English
When I Kissed the Teacher,ABBA,Pop,Happy,English
My Love My Life,ABBA,Pop,Sad,English
I've Been Waiting for You,ABBA,Pop,Love,English
Lay All Your Love on Me,ABBA,Disco,Love,English
Waterloo,ABBA,Pop,Energetic,English
Highway to Hell,AC/DC,Hard Rock,Energetic,English
Thunderstruck,AC/DC,Hard Rock,Energetic,English
Someone Like You,Adele,Pop Ballad,Sad,English
Skyfall,Adele,Pop,Energetic,English
Easy on Me,Adele,Pop Ballad,Sad,English
Set Fire to the Rain,Adele,Pop,Energetic,English
Rolling in the Deep,Adele,Pop,Energetic,English
Make You Feel my Love,Adele,Pop Ballad,Love,English
Hello,Adele,Pop Ballad,Sad,English
Chasing Pavements,Adele,Pop,Sad,English
Send My Love,Adele,Pop,Energetic,English
Rumor Has It,Adele,Pop,Happy,English
Kira Kira,Ado,J-Pop,Energetic,Japanese
New Genesis,Ado,J-Pop,Energetic,Japanese
Backlight,Ado,J-Pop,Sad,Japanese
Usseewa,Ado,J-Rock,Angry,Japanese
I Don't Wanna Miss a Thing,Aerosmith,Rock Ballad,Love,English
Miss Murder,AFI,Punk Rock,Halloween,English
I will Go to You Like the Winter Snow,Ailee,K-Pop,Love,Korean
One Jump Ahead,Aladdin,Disney,Happy,English
Friend Like Me,Aladdin,Disney,Energetic,English
Prince Ali,Aladdin,Disney,Happy,English
A Whole New World,Aladdin,Disney,Love,English
Here,Alessia Cara,R&B,Chill,English
Damned if I Do Ya,All Time Low,Pop Punk,Energetic,English
Screw Loose,Alli Mauzey,Musical Theatre,Angry,English
Valene,Amy Winehouse,Soul,Chill,English
You Know I'm No Good,Amy Winehouse,Soul,Love,English
The Girl from Ipanema,Amy Winehouse,Bossa Nova,Chill,English
Back to Black,Amy Winehouse,Soul,Sad,English
Once Upon a December,Anastasia,Musical,Nostalgic,English
A Rumor in St Petersburg,Anastasia,Musical,Happy,English
In My Dreams,Anastasia,Musical,Happy,English
Learn to Do It,Anastasia,Musical,Happy,English
The Neva Flows,Anastasia,Musical,Halloween,English
My Petersburg,Anastasia,Musical,Nostalgic,English
"Stay, I Pray You",Anastasia,Musical,Sad,English
Journey to the Past,Anastasia,Musical,Happy,English
In a Crowd of Thousands,Anastasia,Musical,Love,English
In the Dark of the Night,Anastasia,Musical,Halloween,English
Spooky Scary Skeletons,Andrew Gold,Halloween,Halloween,English
It's the Most Wonderful Time of the Year,Andy Williams,Christmas,Christmas,English
La Llorona,Angela Aguilar,Ranchera,Sad,Spanish
It's a hard knock life,Annie,Musical,Sad,English
Tomorrow,Annie,Musical,Happy,English
You're Never Fully Dressed Without a Smile,Annie,Musical,Happy,English
Barbie Girl,Aqua,Eurodance,Happy,English
I Wanna be Yours,Arctic Monkeys,Indie Rock,Love,English
Say a Little Prayer,Aretha Franklin,Soul,Love,English
Love Me Harder,Ariana Grande,Pop,Love,English
Into You,Ariana Grande,Pop,Love,English
Dangerous Woman,Ariana Grande,Pop,Energetic,English
"thank u, next",Ariana Grande,Pop,Chill,English
Needy,Ariana Grande,Pop,Sad,English
Break Free,Ariana Grande,Pop,Energetic,English
We Can't Be Friends,Ariana Grande,Pop,Sad,English
Santa Tell,Ariana Grande,Christmas,Christmas,English
NASA,Ariana Grande,Pop,Chill,English
Noble Maiden Fair,Ashley Serena,Folk,Chill,English
Moon River,Audrey Hepburn,Jazz,Nostalgic,English
Using the Internet for French,Austin Weber,Comedy,Happy,English
A Little Piece of Heaven,Avenged Sevenfold,Metal,Halloween,English
Girlfriend,Avril Lavigne,Pop Punk,Energetic,English
What the Hell,Avril Lavigne,Pop Punk,Energetic,English
Complicated,Avril Lavigne,Pop Punk,Sad,English
Sk8r Boi,Avril Lavigne,Pop Punk,Energetic,English
Hare Hare Yukai,Aya Hirano,Anime,Happy,Japanese
God Knows,Aya Hirano,Anime,Energetic,Japanese
Everybody,Backstreet Boys,Pop,Energetic,English
I Want it That Way,Backstreet Boys,Pop,Love,English
Heartbreaker,Bad Suns,Indie Rock,Sad,English
Down by the River,Baldurs Gate 3,Folk,Sad,English
Pompeii,Bastille,Indie Pop,Energetic,English
Edamame,BBNo$,Hip-Hop,Happy,English
Let it Be,Beatles,Rock,Chill,English
Here Comes the Sun,Beatles,Rock,Happy,English
Yesterday,Beatles,Rock,Sad,English
Let it Be,Beatles,Rock,Chill,English
Blackbird,Beatles,Folk Rock,Happy,English
Hey Jude,Beatles,Rock,Happy,English
Golden Summers,Beatles,Rock,Nostalgic,English
Sgt Pepper's Lonely Hearts Club Band,Beatles,Rock,Energetic,English
Gaston,Beauty and the Beast,Disney,Happy,English
Belle,Beauty and the Beast,Disney,Happy,English
Beauty and the Beast,Beauty and the Beast,Disney,Love,English
Dead Mom,Beetlejuice,Musical,Sad,English
Lend Me Your Voice,Belle,Anime,Sad,Japanese
Stand by Me,Ben E King,Soul,Love,English
Beautiful Things,Benson Boone,Pop,Love,English
Room for 2,Benson Boone,Pop,Love,English
Just the Two of Us,Bill Withers,Soul,Love,English
Birds of a Feather,Billie Eilish,Indie Pop,Love,English
What I Was Made For,Billie Eilish,Indie Pop,Sad,English
xanny,Billie Eilish,Indie Pop,Sad,English
wish you were gay,Billie Eilish,Indie Pop,Sad,English
Idontwannabeyouanymore,Billie Eilish,Indie Pop,Chill,English
Bad Guy,Billie Eilish,Pop,Happy,English
When the Party's Over,Billie Eilish,Indie Pop,Sad,English
All the Good Girls go to Hell,Billie Eilish,Pop,Halloween,English
Wildflower,Billie Eilish,Indie Pop,Sad,English
Ocean Eyes,Billie Eilish,Indie Pop,Love,English
Happier than Ever,Billie Eilish,Indie Pop,Angry,English
you should see me in a crown,Billie Eilish,Pop,Halloween,English
"Lovely","Billie Eilish, Khalid",Pop,Sad,English
Fallen Leaves,Billy Talent,Punk Rock,Sad,English
We Didn't Start the Fire,Billy Joel,Rock,Energetic,English
Piano Man,Billy Joel,Rock,Nostalgic,English
Vienna,Billy Joel,Rock,Chill,English
New York State of Mind,Billy Joel,Rock,Nostalgic,English
Do You Hear What I Hear,Bing Crosby,Christmas,Christmas,English
God Rest Ye Merry Gentlemen,Bing Crosby,Christmas,Christmas,English
Skinny Love,Birdy,Indie Folk,White Girl Music,English
War Pigs,Black Sabbath,Heavy Metal,Angry,English
The Tide is High,Blondie,New Wave,Happy,English
Don't Fear the Reaper,Blue Oyster Cult,Rock,Halloween,English
Bezos,Bo Burnham,Comedy,Happy,English
Sexting,Bo Burnham,Comedy,Happy,English
Look Who's Inside Again,Bo Burnham,Comedy,Chill,English
30,Bo Burnham,Comedy,Chill,English
All Eyes on Me,Bo Burnham,Comedy,Sad,English
Goodbye,Bo Burnham,Comedy,Sad,English
Content,Bo Burnham,Comedy,Chill,English
Comedy,Bo Burnham,Comedy,Chill,English
How the World Works,Bo Burnham,Comedy,Happy,English
Possible Ending Song,Bo Burnham,Comedy,Chill,English
Welcome to the Internet,Bo Burnham,Comedy,Angry,English
Prngles Can,Bo Burnham,Comedy,Happy,English
Duvet,BoA,Anime,Chill,English
Jingle Bell Rock,Bobby Helms,Christmas,Christmas,English
Uninstall,Bokurano,Anime,Sad,Japanese
Rasputin,Boney M,Disco,Happy,English
Electric Love,Borns,Indie Pop,Love,English
Space Oddity,David Bowie,Rock,Chill,English
Rockin' Around the Christmas Tree,Brenda Lee,Christmas,Christmas,English
Can You Feel My Heart,Bring Me the Horizon,Metalcore,Angry,English
Toxic,Britney Spears,Pop,Energetic,English
Santa Claus is Coming to Town,Bruce Springsteen,Christmas,Christmas,English
Places We Won't Walk,Bruno Major,Indie,Sad,English
Dance in the Muror,Bruno Mars,Funk Pop,Energetic,English
Locked Out of Heaven,Bruno Mars,Funk Pop,Energetic,English
Good Girl,Burlesque,Musical,Love,English
Bound to You,Burlesque,Musical,Love,English
But I'm a Good Girl,Burlesque,Musical,Love,English
Something's Got a Hold On Me,Burlesque,Musical,Energetic,English
Tough Lover,Burlesque,Musical,Happy,English
Guy What Takes His Time,Burlesque,Musical,Love,English
Ain't No Rest for the Wicked,Cage the Elephant,Indie Rock,Energetic,English
You are the Reason,Calum Scott,Pop Ballad,Love,English
Senorita,Camila Cabello,Pop,Love,English
Havana,Camila Cabello,Pop,Love,English
The Loneliest Girl,Carole & Tuesday,Anime,Sad,English
Bullshit,Carole & Tuesday,Anime,Energetic,English
I Ain't in Checotah,Carrie Underwood,Country,Chill,English
Witch Doctor,Cartoons,Novelty,Happy,English
Mr. Blue,Catherine Feeney,Indie Folk,Sad,English
Memory,Cats,Musical Theatre,Sad,English
Lemon Boy,Cavetown,Indie,Sad,English
Ice Cream Truck,Cazwell,Hip-Hop,Happy,English
It's All Coming Back to Me,Celine Dion,Pop,Energetic,English
Danny Boy,Celtic Woman,Celtic,Sad,English
Scarborough Fair,Celtic Woman,Folk,Chill,English
Good Luck Babe,Chappell Roan,Pop,Energetic,English
Bookstore Girl,Charlie Burg,,,
Devil Went down to Georgia,Charlie Daniels Band,Country,Energetic,English
We Don't Talk Anymore,Charlie Puth,Pop,Sad,English
Big Boy,Charlotte Cardin,,,
All That Jazz,Chicago,Musical Theatre,Love,English
Roxie,Chicago,Musical Theatre,Happy,English
Mister Cellophane,Chicago,Musical Theatre,Sad,English
Razzie Dazzle,Chicago,Musical Theatre,Energetic,English
Sakura Kiss,Chieko Kawabe,Anime,Love,Japanese
Redbone,Childish Gambino,R&B,Love,English
Get Out,CHVRCHES,Synth-Pop,Energetic,English
The Mother We Share,CHVRCHES,Synth-Pop,Energetic,English
Error,CielA,,,
Apocalypse,Cigarettes After Sex,Dream Pop,White Girl Music,English
So this is Love,Cinderella,Disney,Love,English
Give It Back,Co Shu Nie,Anime,Halloween,Japanese
Bubbly,Colbie Caillat,Pop,White Girl Music,English
A Sky Full of Stars,Coldplay,Alternative Rock,Happy,English
Viva la Vida,Coldplay,Alternative Rock,Energetic,English
Yellow,Coldplay,Alternative Rock,Love,English
Something Just Like This,Coldplay,Alternative Rock,Happy,English
Sky Full of Stars,Coldplay,Alternative Rock,Happy,English
Paradise,Coldplay,Alternative Rock,Happy,English
Fix You,Coldplay,Alternative Rock,Sad,English
Clocks,Coldplay,Alternative Rock,Chill,English
Apologize,Coldplay,Pop Rock,Sad,English
Being Alive,Company,Musical Theatre,Chill,English
Heather,Conan Gray,Indie Pop,White Girl Music,English
Idle Town,Conan Gray,Indie Pop,Nostalgic,English
Stupid Cupid,Connie Francis,Doo-Wop,Happy,English
Accidentally in Love,Counting Crows,Pop Rock,Love,English
Zombie,The Cranberries,Alternative Rock,Angry,English
Bad Moon Rising,Creedence Clearwater Revival,Rock,Energetic,English
Hatefuck,Cruel Youth,Alternative,Sad,English
I Really Want to Stay at Your House,Cyberpunk Edgerunners,Synthwave,Sad,English
I'll Still Have Me,Cyn,Pop,Sad,English
We Are Angels,D City Rock,Anime,Energetic,Japanese
The Gates,Da Vinci's Notebook,Comedy,Happy,English
Dreaming On,Da-ice,J-Pop,Energetic,Japanese
Get You,Daniel Caesar,R&B,Love,English
Best Part,Daniel Caesar,R&B,Love,English
Instagram,Dean,K-R&B,Love,Korean
Baby it's Cold Outside,Dean Martin,Christmas,Christmas,English
Let it Snow,Dean Martin,Christmas,Christmas,English
If Could Tell Her,Dear Evan Hansen,Musical Theatre,Love,English
Waving through a Window,Dear Evan Hansen,Musical Theatre,Sad,English
Sincerely Me,Dear Evan Hansen,Musical Theatre,Happy,English
They're Only Human,Death Note,Anime,Sad,Japanese
Trust Me,Devil's Carnival,Musical,Halloween,English
In All My Dreams I Drown,Devil's Carnival,Musical,Halloween,English
"Tears, John",Devil's Carnival,Musical,Sad,English
A Penny for a Tale,Devil's Carnival,Musical,Halloween,English
Prick! Goes the Scorpion's Tale,Devil's Carnival,Musical,Halloween,English
Grief,Devil's Carnival,Musical,Sad,English
Runaround Sue,Dion,Doo-Wop,Energetic,English
Say So,Doja Cat,Pop,Happy,English
"Bitch I'm a Cow",Doja Cat,Pop,Happy,English
Jolene,Dolly Parton,Country,Sad,English
Breakfast,Dove Cameron,Pop,Love,English
Through the Fire and Flames,DragonForce,Power Metal,Energetic,English
Passionfruit,Drake,R&B,Love,English
Levitating,Dua Lipa,Disco Pop,Energetic,English
Invisible,Duran Duran,New Wave,Chill,English
Hungry Like the Wolf,Duran Duran,New Wave,Energetic,English
"September","Earth, Wind, Fire",Disco,Happy,English
"Boogie Wonderland","Earth, Wind, Fire",Disco,Energetic,English
Santa Baby,Eartha Kitt,Christmas,Christmas,English
A Team,Ed Sheeran,Folk Pop,Sad,English
Bad Habits,Ed Sheeran,Pop,Energetic,English
Parting Glass,Ed Sheeran,Folk,Sad,English
Thinking Out Loud,Ed Sheeran,Pop,White Girl Music,English
I see Fire,Ed Sheeran,Folk,Energetic,English
La Vie En Rose,Edith Piaf,Chanson,Love,French
Sorry Haha I fell Asleep,Egg,Indie,Sad,English
Kure??,Etta??,,,
Mr. Blue Sky,Electric Light Orchestra,Rock,Happy,English
Lilium,Elfen Lied,Anime,Chill,Latin
Dream A Little Dream of Me,Ella Fitzgerald,Jazz,Love,English
I Like You Best,Ella Red,Pop,,
Love me Like You Do,Ellie Goulding,Pop,Love,English
I Like You Best,Elton John,Rock,Love,English
Don't go Breaking my Heart,Elton John,Pop Rock,Happy,English
Can't Help Falling in Love,Elvis Presley,Rock and Roll,Love,English
Hound Dog,Elvis Presley,Rock and Roll,Energetic,English
Numb Little Bug,Em Beihold,Indie Pop,Sad,English
Space Drive,Ember Amane,Anime,Energetic,English
True Love's Kiss,Enchanted,Disney,Love,English
Happy Working Song,Enchanted,Disney,Happy,English
That's How You Know,Enchanted,Disney,Happy,English
Would You Fall in Love with me Again,EPIC The Musical,Musical Theatre,Love,English
The Willow Maid,Erutan,Folk,Chill,English
At Last,Etta James,Soul,Love,English
Carry Me,Eurielle,Cinematic,Sad,English
My Immortal,Evanescence,Gothic Rock,Sad,English
Lumiere,Expedition 33,Soundtrack,Energetic,French
Alicia,Expedition 33,Soundtrack,Energetic,French
Johnny Guitar,Fallout New Vegas,Country,Nostalgic,English
Big Iron,Fallout New Vegas,Country,Nostalgic,English
I Don't Want to Set the World on Fire,Fallout New Vegas,Doo-Wop,Love,English
Pure Comedy,Father John Misty,Indie Folk,Chill,English
Cupid,Fifty Fifty,K-Pop,Love,English
Dreams,Fleetwood Mac,Rock,White Girl Music,English
Girl with One Eye,Florence + the Machine,Indie Rock,White Girl Music,English
Jenny of Oldstones,Florence + the Machine,Folk,White Girl Music,English
Seven Devils,Florence + the Machine,Indie Rock,White Girl Music,English
Pumped Up Kicks,Foster the People,Indie Pop,Happy,English
Thinkin' Bout You,Frank Ocean,R&B,Love,English
Beyond the Sea,Frank Sinatra,Jazz,Happy,English
My Way,Frank Sinatra,Jazz,Nostalgic,English
Fly me to the Moon,Frank Sinatra,Jazz,Love,English
Can't Take my Eyes off of You,Frankie Valli,Pop,Love,English
"New York, New York",Frank Sinatra,Jazz,Energetic,English
Have Yourself a Merry Little Christmas,Frank Sinatra,Christmas,Christmas,English
Great Pretender,Freddie Mercury,Rock,Energetic,English
Do You Want to Build a Snowman,Frozen,Disney,Sad,English
For the First Time in Forever,Frozen,Disney,Happy,English
Love is an Open Door,Frozen,Disney,Love,English
Let it Go,Frozen,Disney,Energetic,English
Reindeer(s) are better than People,Frozen,Disney,Happy,English
Some Nights,fun.,Indie Pop,Energetic,English
Achilles Come Down,Gang of Youths,Indie Rock,Sad,English
Such a Loser,Garfunkel and Oates,Comedy Folk,Happy,English
I Want a Hippopotamus for Christmas,Gayla Peevey,Christmas,Christmas,English
Careless Whisper,George Michael,Pop,Love,English
Dasher,Gerard Way,Alternative Rock,Energetic,English
Kill of the Night,Gin Wigmore,Indie Rock,Halloween,English
Crazy,Gnarls Barkley,Soul,Chill,English
Iris,Goo Goo Dolls,Rock,Love,English
Hikaru Nara,Goose House,Anime,Happy,Japanese
Feel Good,Gorillaz,Alternative,Chill,English
Clint Eastwood,Gorillaz,Alternative,Chill,English
You're the One that Want,Grease,Musical,Love,English
Summer Nights,Grease,Musical,Happy,English
Look at Me I'm Sandra Dee,Grease,Musical,Happy,English
There Are Worse Things I Could Do,Grease,Musical,Chill,English
Hopelessly Devoted to You,Grease,Musical,Sad,English
California,Grimes,Indie Pop,Chill,English
Sweet Child o' Mine,Guns N' Roses,Hard Rock,Love,English
Good Riddance,Hades,Soundtrack,Sad,English
Coral Crown,Hades 2,Soundtrack,Energetic,English
Good Morning Baltimore,Hairspray,Musical,Happy,English
The New Girl in Town,Hairspray,Musical,Energetic,English
Maneater,Hall & Oates,Pop Rock,Love,English
Without Me,Halsey,Pop,Sad,English
Gasoline,Halsey,Pop,Angry,English
Closer,Halsey,Pop,Sad,English
Colors,Halsey,Pop,Chill,English
Hurricane,Halsey,Pop,Energetic,English
Clementine,Halsey,Pop,Chill,English
Hearse Song,Harley Poe,Folk Punk,Halloween,English
Sign of the Times,Harry Styles,Pop Rock,Sad,English
Watermelon Sugar,Harry Styles,Pop,Happy,English
Senbonzakura,Hatsune Miku,Vocaloid,Energetic,Japanese
Melt,Hatsune Miku,Vocaloid,Love,Japanese
Black Rock Shooter,Hatsune Miku,Vocaloid,Energetic,Japanese
World is Mine,Hatsune Miku,Vocaloid,Happy,Japanese
Dead Girl Walking,Heathers,Musical,Energetic,English
Go The Distance,Hercules,Disney,Happy,English
I Won't Say (I'm in Love),Hercules,Disney,Love,English
Rabu Ka,Hiiragi Kirai,Vocaloid,Energetic,Japanese
"We Are",Hiroshi Kitadani,Anime,Energetic,Japanese
Come Little Children,Hocus Pocus,Soundtrack,Halloween,English
I put a Spell on You,Hocus Pocus,Soundtrack,Halloween,English
Send Bobs,Hovey Benjamin,Comedy,Happy,English
Cherry Wine,Hozier,Indie Folk,White Girl Music,English
Take Me to Church,Hozier,Indie Rock,White Girl Music,English
Too Sweet,Hozier,Indie Rock,White Girl Music,English
Hellfire,Hunchback of Notre Dame,Disney,Halloween,English
God Help the Outcasts,Hunchback of Notre Dame,Disney,Gospel,English
Blue Bed,ikimonogakari,J-Pop,Nostalgic,Japanese
Enemy,Imagine Dragons,Pop Rock,Energetic,English
Hide and Seek,Imogen Heap,Electronic,Halloween,English
The Way I Am,Ingrid Michaelson,Indie Folk,White Girl Music,English
Palette,IU,K-Pop,Chill,Korean
Upside Down,Jack Johnson,Acoustic,Happy,English
I Saw Mommy Kissing Santa Claus,Jackson 5,Christmas,Christmas,English
I Want You Back,Jackson 5,Pop,Happy,English
"Broken Strings","James Morrison, Nelly Furtado",Pop,Sad,English
I'm Yours,Jason Mraz,Pop,Happy,English
White Rabbit,Jefferson Airplane,Psychedelic Rock,Chill,English
Middie,Jimmy Eat World,Alternative Rock,Energetic,English
Country Roads,John Denver,Folk,Nostalgic,English
All of Me,John Legend,R&B,Love,English
Slow Dancing in the Dark,Joji,R&B,Sad,English
Die for You,Joji,R&B,Sad,English
Feliz Navidad,Jose Feliciano,Christmas,Christmas,Spanish
You Raise Me Up,Josh Groban,Pop Ballad,Gospel,English
Somewhere Over the Rainbow,Judy Garland,Showtune,Nostalgic,English
Baby,Justin Bieber,Pop,Love,English
Mistletoe,Justin Bieber,Christmas,Christmas,English
Golden Hour,JVKE,Pop,Love,English
The One That Got Away,Katy Perry,Pop Ballad,Nostalgic,English
Villain,K/DA,K-Pop,Energetic,English
Don't Say Lazy,K-On,Anime,Happy,Japanese
Lemon,Kenshi Yonezu,J-Pop,Sad,Japanese
Kick Back,Kenshi Yonezu,J-Pop,Energetic,Japanese
Understand,Keshi,R&B,Love,English
Young Dumb & Broke,Khalid,R&B,Chill,English
Aishite,Kikuo,Vocaloid,Halloween,Japanese
Byul,Kim Ah Joong,K-Pop,Sad,Korean
Hajimete no Chuu,Kimura Takuya,Anime,Happy,Japanese
Flamingo,Kero Kero Bonito,,,
All I Want,Kodaline,Indie Folk,Sad,English
Fukurou,Kokia,J-Pop,Chill,Japanese
Pon Pon Pon,Kyary Pamyu Pamyu,J-Pop,Happy,Japanese
Dover's High,L'Arc en Ciel,J-Rock,Energetic,Japanese
Someone in The Crowd,La La Land,Musical,Energetic,English
Anothar Day of Sun,La La Land,Musical,Happy,English
City of Stars,La La Land,Musical,Love,English
Audition,La La Land,Musical,Energetic,English
A Lovely Night,La La Land,Musical,Happy,English
Young And Beautiful,Lana Del Rey,Indie Pop,White Girl Music,English
Video Games,Lana Del Rey,Indie Pop,White Girl Music,English
Falling in Love at a Coffee Shop,Landon Pigg,Indie Folk,White Girl Music,English
Valentine,Laufey,Jazz Pop,White Girl Music,English
From the Start,Laufey,Jazz Pop,White Girl Music,English
Falling Behind,Laufey,Jazz Pop,White Girl Music,English
"A Night to Remember","Laufey, beabadoobee",Jazz Pop,White Girl Music,English
Stairway to Heaven,Led Zeppelin,Rock,Energetic,English
Immigrant Song,Led Zeppelin,Rock,Angry,English
Bleeding Love,Leona Lewis,Pop,Love,English
Hallelujah,Leonard Cohen,Folk,Gospel,English
I Dreamed a Dream,Les Miserables,Musical Theatre,Sad,English
On my Own,Les Miserables,Musical Theatre,Sad,English
What a Wonderful Worid,Louis Armstrong,Jazz,Chill,English
Love Me Dead,Ludo,Alternative Rock,Happy,English
My Favorite Part,Mac Miller,Hip-Hop,Love,English
The Red Means I Love You,Madds Buckley,Indie,Halloween,English
Reckless,Madison Beer,Pop,Sad,English
Rude,MAGIC!,Reggae Pop,Happy,English
Beggin,Maneskin,Rock,Energetic,English
All I Want for Christmas is You,Mariah Carey,Christmas,Christmas,English
Primadonna Giri,Marina,Pop,Happy,English
How to be a Heartbreaker,Marina,Pop,Happy,English
Teen Idle,Marina,Pop,Sad,English
Sunday Morning,Maroon 5,Pop Rock,Love,English
Daylight,Maroon 5,Pop Rock,Sad,English
She Will he Loved,Maroon 5,Pop Rock,Love,English
Payphone,Maroon 5,Pop Rock,Sad,English
Daddy Daddy Do!,Masayuki Suzuki,Anime,Happy,Japanese
Halloween,Mean Girls,Musical,Halloween,English
A Cautionary Tale,Mean Girls,Musical,Nostalgic,English
It Roars,Mean Girls,Musical,Happy,English
Meet the Plastics,Mean Girls,Musical,Happy,English
Stupid With Love,Mean Girls,Musical,Love,English
Apex Predator,Mean Girls,Musical,Angry,English
What Wrong With Me,Mean Girls,Musical,Sad,English
Revenge Party,Mean Girls,Musical,Energetic,English
I'd Rather Be Me,Mean Girls,Musical,Energetic,English
Like I'm Gonna Lose You,Meghan Trainor,Pop,Love,English
Play Date,Melanie Martinez,Alt Pop,Happy,English
Bulletproof,Melanie Martinez,Alt Pop,Chill,English
Toxic,Melanie Martinez,Alt Pop,Angry,English
"Tag, You're It",Melanie Martinez,Alt Pop,Halloween,English
Pacify Her,Melanie Martinez,Alt Pop,Love,English
Snake Eater,Metal Gear,Soundtrack,Energetic,English
A Stranger I Remain,Metal Gear Rising Revengence,Soundtrack,Energetic,English
The Only Thing I Know for Real,Metal Gear Rising Revengence,Soundtrack,Energetic,English
It Has to Be This Way,Metal Gear Rising Revengence,Soundtrack,Energetic,English
Black Sheep,Metric,Indie Rock,Energetic,English
Shut Up,Mia Rodriguez,Pop,Angry,English
Holly Jolly Christmas,Michael Buble,Christmas,Christmas,English
Winter Wonderland,Michael Buble,Christmas,Christmas,English
It's Beginning to Look a Lot like Christmas,Michael Buble,Christmas,Christmas,English
White Christmas,Michael Buble,Christmas,Christmas,English
Thriller,Michael Jackson,Pop,Halloween,English
Genghis Khan,Miike Snow,Indie Pop,Energetic,English
Love today,MIKA,Pop,Happy,English
Stay With Me,Miki Matsubara,City Pop,Nostalgic,Japanese
Sayoko,Mikito-P,Vocaloid,Happy,Japanese
Zankoku na Tenshi no Teeze,Mikuni Shimokawa,Anime,Energetic,Japanese
Flowers,Miley Cyrus,Pop,Energetic,English
Rabbit Hole,Mindy Gledhill,Indie Folk,White Girl Music,English
How Far I'll Go,Moana,Disney,Happy,English
You're Welcome,Moana,Disney,Happy,English
Shiny,Moana,Disney,Happy,English
Ghosting,Mother Mother,Indie Rock,Halloween,English
Honor to us All,Mulan,Disney,Happy,English
Reflection,Mulan,Disney,Sad,English
I'll Make A Man Out of You,Mulan,Disney,Energetic,English
A Girl Worth Fighting For,Mulan,Disney,Happy,English
Starlight,Muse,Alternative Rock,Energetic,English
Uprising,Muse,Alternative Rock,Energetic,English
Supermassive Black Hole,Muse,Alternative Rock,Energetic,English
Fever Dream,mxmtoon,Indie Pop,White Girl Music,English
Welcome to the Black Parade,My Chemical Romance,Emo Rock,Energetic,English
Husavik,My Marianne,Pop,Love,English
Brightdown,Nami Tamaki,Anime,Energetic,Japanese
I'm in Love,Narsha,K-Pop,Love,Korean
LOVE,Nat King Cole,Jazz,Love,English
Christmas Song,Nat King Cole,Christmas,Christmas,English
Nature Boy,Nat King Cole,Jazz,Chill,English
This Will Be,Natalie Cole,Soul,Love,English
Nico Nico Kumiyoku,Nico Nico Douga Chorus,Vocaloid,Happy,Japanese
Weight of the World,Nier,Soundtrack,Sad,English
La La Lost You,NIKI,Indie Pop,Sad,English
Low Key,NIKI,Indie Pop,Love,English
Oceans and Engines,NIKI,Indie Pop,Sad,English
Sugarplum Elegy,NIKI,Indie Pop,Nostalgic,English
Smells Like Teen Spirit,Nirvana,Grunge,Angry,English
Lonely,Noah Cyrus,Pop,Sad,English
Never Forget You,Noisettes,Indie Pop,Love,English
Don't Know Why,Norah Jones,Jazz,White Girl Music,English
Nyan Cat,Nyan Cat,Novelty,Happy,Japanese
Wonderwall,Oasis,Britpop,Energetic,English
Mixed Nuts,OFFICIAL HIGE DANDISM,J-Pop,Energetic,Japanese
You're Gonna Go Far Kid,Offspring,Punk Rock,Energetic,English
Be Okay,Oh Honey,Indie Pop,Happy,English
Wolf and I,Oh Land,Indie Pop,Chill,English
Man I Need,Olivia Dean,Soul,Happy,English
So Easy (To Fall in Love),Olivia Dean,Soul,Love,English
All American Bitch,Olivia Rodrigo,Pop Rock,Angry,English
Drivers License,Olivia Rodrigo,Pop,Sad,English
Vampire,Olivia Rodrigo,Pop Rock,Angry,English
Lacy,Olivia Rodrigo,Pop,Sad,English
Can't Catch me Now,Olivia Rodrigo,Pop,Halloween,English
Happier,Olivia Rodrigo,Pop,Sad,English
"jealous, jealousy",Olivia Rodrigo,Pop Rock,Angry,English
All I Want,Olivia Rodrigo,Pop,Sad,English
drop dead,Olivia Rodrigo,Synth-Pop,Love,English
the cure,Olivia Rodrigo,Alternative Rock,Sad,English
less,Olivia Rodrigo,Pop Ballad,Sad,English
maggots for brains,Olivia Rodrigo,New Wave,Sad,English
stupid song,Olivia Rodrigo,Pop Ballad,Sad,English
honeybee,Olivia Rodrigo,Pop Ballad,Sad,English
What Makes You Beautiful,One Direction,Pop,Love,English
Bink's Sake,"Ado, One Piece",Anime,Energetic,Japanese
Counting Stars,One Republic,Pop Rock,Energetic,English
Mawaru Sora Usagi,Orangestar,Vocaloid,Chill,Japanese
Into the Unknown,Over the Garden Wall,Indie Folk,Halloween,English
I Write Sins not Tragedies,Panic! At the Disco,Pop Rock,Energetic,English
i'm Not Angry Anymore,Paramore,Alternative Rock,Sad,English
Still into You,Paramore,Pop Rock,Love,English
Please Say Something Even Though It Is a Lie,Park Bo Ram,K-Pop,Sad,Korean
Villains Aren't Born,Peggy,,,
Think of Me,Phantom of the Opera,Musical Theatre,Love,English
Angel of Music,Phantom of the Opera,Musical Theatre,Halloween,English
Phantom of the Opera,Phantom of the Opera,Musical Theatre,Halloween,English
Music of the Night,Phantom of the Opera,Musical Theatre,Halloween,English
Prima Donna,Phantom of the Opera,Musical Theatre,Energetic,English
All I Ask of You,Phantom of the Opera,Musical Theatre,Love,English
Masquerade,Phantom of the Opera,Musical Theatre,Energetic,English
Wishing You Were Somehow Here Again,Phantom of the Opera,Musical Theatre,Sad,English
The Point of No Return,Phantom of the Opera,Musical Theatre,Love,English
Happy,Pharrell Williams,Pop,Happy,English
STFU,Pink Guy,Comedy,Angry,English
Sex,Pink Guy,Comedy,Happy,English
Help,Pink Guy,Comedy,Sad,English
Hey There Delilah,Plain White T's,Acoustic,White Girl Music,English
Moonlight Serenade,Platina Jazz,Jazz,Chill,Japanese
Colors of the Wind,Pocahontas,Disney,Chill,English
Lowlife,Poppy,Pop,Halloween,English
Feel it Still,Portugal The Man,Indie Rock,Energetic,English
Sunflower,Post Malone,Hip-Hop,Love,English
Deliver Us,Prince of Egypt,Musical,Energetic,English
All I Ever Wanted,Prince of Egypt,Musical,Chill,English
Through Heaven's Eyes,Prince of Egypt,Musical,Gospel,English
Playing with the Big Boys,Prince of Egypt,Musical,Halloween,English
The Plagues,Prince of Egypt,Musical,Halloween,English
VWhen You Believe,Prince of Egypt,Musical,Gospel,English
Down in New Orleans,Princess and the Frog,Disney,Happy,English
Friends on the Other Side,Princess and the Frog,Disney,Halloween,English
Almost There,Princess and the Frog,Disney,Happy,English
Bohemian Rhapsody,Queen,Rock,Energetic,English
Somebody to Love,Queen,Rock,Sad,English
Killer Queen,Queen,Rock,Happy,English
Love of my Life,Queen,Rock Ballad,Love,English
Don't Stop Me Now,Queen,Rock,Energetic,English
Under Pressure,Queen,Rock,Energetic,English
We are the Champions,Queen,Rock,Energetic,English
We Will Rock You,Queen,Rock,Energetic,English
Flos,R Sound Design,Vocaloid,Energetic,Japanese
Make Them Hear You,Ragtime,Musical,Energetic,English
Life is a Highway,Rascal Flatts,Country Rock,Energetic,English
La Festin,Ratatouille,Soundtrack,Happy,French
Californication,Red Hot Chili Peppers,Alternative Rock,Chill,English
Samson,Regina Spektor,Indie,White Girl Music,English
Loving is Easy,Rex Orange County,Indie Pop,Love,English
Never Gonna Give You Up,Rick Astley,Pop,Happy,English
Disturbia,Rihanna,Pop,Halloween,English
Love on the Brain,Rihanna,R&B,Love,English
Shia LaBeouf,Rob Cantor,Comedy,Halloween,English
Somebody's Watching Me,Rockwell,Pop,Halloween,English
Paint it Black,Rolling Stones,Rock,Halloween,English
Car Wash,Rose Royce,Disco,Happy,English
APT,"Rose, Bruno Mars",K-Pop,Energetic,English
War of Hearts,Ruelle,Indie,White Girl Music,English
White Girls Fuck Dogs,Rusty Cage,Folk,Halloween,English
Everyone Don't I Like is Literally Hitler,Rusty Cage,Folk,Angry,English
Dandelions,Ruth B,Indie Pop,Love,English
I'm Just Ken,Ryan Gosling,Soundtrack,Happy,English
Manchild,Sabrina Carpenter,Pop,Happy,English
Feather,Sabrina Carpenter,Pop,Energetic,English
A Nonsense Christmas,Sabrina Carpenter,Christmas,Christmas,English
Destroyer,Saint Motel,Indie Pop,Energetic,English
Mario Kart Love Song,Sam Hart,Indie,Love,English
Mad at Disney,Salem Ilese,Pop,Sad,English
Stay With Me,Sam Smith,Pop,Sad,English
When He Sees Me,Sara Bareilles,Musical,Sad,English
When She Loved Me,Sarah McLachlan,Soundtrack,White Girl Music,English
The Moon Song,Scarlett Johansson,Indie Folk,White Girl Music,English
I Am Gonna Claw (Out Your Eyes then Drown You to Death),Scylla & The Sirens,Hard Rock,Angry,English
Coral Crown,Scylla & The Sirens,Hard Rock,Angry,English
Fall for You,Secondhand Serenade,Pop Rock,Love,English
Man! I Feel Like a Woman,Shania Twain,Country Pop,Energetic,English
That Don't Impress Me Much,Shania Twain,Country Pop,Happy,English
Unforgettable,Sia,Pop,Energetic,English
Snowman,Sia,Pop,Christmas,English
Sign,FLOW,Anime,Energetic,Japanese
Full Moon Tonight,Silvastone,,,
Sound of Silence,Simon & Garfunkel,Folk,Sad,English
Witchcraft,Frank Sinatra,Jazz,Love,English
Kiss Me,Sixpence None the Richer,Pop Rock,Love,English
All Star,Smash Mouth,Pop Rock,Happy,English
I'm a Believer,Smash Mouth,Pop Rock,Happy,English
1979,Smashing Pumpkins,Alternative Rock,Nostalgic,English
Gotta Go Fast,SonicX,Anime,Energetic,English
Black Hole Sun,Soundgarden,Grunge,Halloween,English
Honeybee,Steam Powered Giraffe,Steampunk,Love,English
Villain,Stella Jang,K-Pop,Happy,Korean
Until Found You,Stephen Sanchez,Indie,Love,English
Hitohira no Hanabira,Stereopony,Anime,Happy,Japanese
Bad Habit,Steve Lacy,R&B,Chill,English
"It's Over, Isn't it",Steven Universe,Animation,Sad,English
Isn't She Lovely,Stevie Wonder,Soul,Happy,English
Inferno,"Sub Urban, Bella Poarch",Pop,Halloween,English
Eye of the Tiger,Survivor,Rock,Energetic,English
Kill Bill,SZA,R&B,Love,English
Psycho Killer,Talking Heads,New Wave,Halloween,English
When Will My Life Begin,Tangled,Disney,Happy,English
Mother Knows Best,Tangled,Disney,Halloween,English
I See the Light,Tangled,Disney,Love,English
Our Song,Taylor Swift,Country Pop,White Girl Music,English
Teardrops on My Guitar,Taylor Swift,Country Pop,White Girl Music,English
Lose Control,Teddy Swims,Soul,Sad,English
Love Poton Number Nine,The Searchers,Rock and Roll,Happy,English
The Addams Family,The Addams Family,Soundtrack,Halloween,English
House of the Rising Sun,The Animals,Rock,Sad,English
Lovefool,"The Cardigans, Post Modern Jukebox",Pop,White Girl Music,English
Tequilla,The Champs,Rock and Roll,Energetic,English
Mr. Sandman,The Chordettes,Doo-Wop,Love,English
Ben Frankin's Song,The Decemberists,Folk Rock,Happy,English
People are Strange,The Doors,Rock,Halloween,English
A Million Dreams,The Greatest Showman,Musical,Happy,English
The Greatest Showman,The Greatest Showman,Musical,Energetic,English
Come Alive,The Greatest Showman,Musical,Energetic,English
The Other Side,The Greatest Showman,Musical,Energetic,English
Never Enough,The Greatest Showman,Musical,Energetic,English
This is Me,The Greatest Showman,Musical,Energetic,English
Rewrite the Stars,The Greatest Showman,Musical,Love,English
Tightrope,The Greatest Showman,Musical,Chill,English
Where Are You Christmas,The Grinch,Christmas,Christmas,English
You're a Mean One Mr Grinch,The Grinch,Christmas,Christmas,English
Blame in on the Boogie,Jackson 5,Disco,Happy,English
Part of Your World,The Little Mermaid,Disney,Happy,English
Under the Sea,The Little Mermaid,Disney,Happy,English
Sweater Weather,The Neighborhood,Indie Rock,White Girl Music,English
This is Halloween,The Nightmare Before Christmas,Soundtrack,Halloween,English
Kyouran Hey Kids,THE ORAL CIGARETTES,J-Rock,Energetic,Japanese
Run Run Rudolf,The Seatbelts,Christmas,Christmas,English
Tomorrow Will be Kinder,The Secret Sisters,Folk,Happy,English
To All the Girls who Cry,The Secret Sisters,Folk,Sad,English
She is My Dream,The Tads,Soul,,
Across the Sea,The Wailin' Jennys,Folk,Chill,English
Istanbul (Not Constantinople),They Might Be Giants,Alternative Rock,Happy,English
Sweet Transvestite,Tim Curry,Musical,Energetic,English
Red Flags,Tom Cardy,Comedy,Happy,English
Unravel,Toru Kitajima,Anime,Halloween,Japanese
Africa,Toto,Pop Rock,Nostalgic,English
Bad Aople,Touhou,Anime,Energetic,Japanese
Stay High,Tove Lo,Pop,Sad,English
Habits,"Tove Lo, Post Modern Jukebox",Pop,Sad,English
You've Got a Fnend in Me,Toy Story,Disney,Happy,English
Drops of Jupiter,Train,Pop Rock,Love,English
Hey Soul Sister,Train,Pop Rock,Happy,English
A Little Wicked,Valerie Broussard,Indie,Halloween,English
Brown Eyed Girl,Van Morrison,Rock,Love,English
A Thousand Miles,Vanessa Carlton,Pop,White Girl Music,English
Veggietales Theme Song,Veggietales,Children's,Happy,English
Boom Boom Boom Boom,Vengaboys,Eurodance,Energetic,English
Check Yes Juliet,We the Kings,Pop Punk,Love,English
Ocean Man,Ween,Alternative,Happy,English
Last Christmas,Wham!,Christmas,Christmas,English
Seven Nation Army,White Stripes,Garage Rock,Energetic,English
I Will Always Love You,Whitney Houston,Pop Ballad,Love,English
No One Mourns the Wicked,Wicked,Musical Theatre,Energetic,English
Dear Old Shiz,Wicked,Musical Theatre,Happy,English
The Wizard and I,Wicked,Musical Theatre,Happy,English
What is this Feeling,Wicked,Musical Theatre,Happy,English
Something Bad,Wicked,Musical Theatre,Halloween,English
Dancing through Life,Wicked,Musical Theatre,Happy,English
Popular,Wicked,Musical Theatre,Happy,English
I'm Not That Girl,Wicked,Musical Theatre,Sad,English
One Short Day,Wicked,Musical Theatre,Happy,English
A Sentimental Man,Wicked,Musical Theatre,Love,English
Defying Gravity,Wicked,Musical Theatre,Energetic,English
Thank Goodness/I Couldn't Be Happier,Wicked,Musical Theatre,Sad,English
Wonderful,Wicked,Musical Theatre,Energetic,English
No Good Deed,Wicked,Musical Theatre,Angry,English
For Good,Wicked,Musical Theatre,Love,English
Meadows,Wild Child,Indie Folk,Chill,English
Cecily Smith,Will Connolly,Indie,Love,English
Jaja Ding Dong,Will Ferrell,Comedy,Happy,English
Marceline,WILLOW,Alternative,Sad,English
Baka Mita,Yakuza,Soundtrack,Sad,Japanese
One Year Six Months,Yellowcard,Pop Punk,Sad,English
Kaibutsu,Yoasobi,J-Pop,Energetic,Japanese
Yoru ni Kakeru,Yoasobi,J-Pop,Energetic,Japanese
Itte,Yorushika,J-Pop,Sad,Japanese
Rolling Star,YUI,Anime,Energetic,Japanese
Can't Tame Her,Zara Larsson,Pop,Energetic,English
Auld Lang Syne,,Folk,Nostalgic,English
Everybody's Circulation,,Anime,Energetic,Japanese
Pokemon,,Anime,Energetic,English
Ikenai Borderline,,Anime,Energetic,Japanese
Star Spangled Banner,,Patriotic,Energetic,English
O Come All Ye Faithful,,Christmas,Christmas,English
O Holy Night,,Christmas,Christmas,English
Christmas Time is Here,,Christmas,Christmas,English
Ave Maria,,Classical,Gospel,Latin
Let it Snow!,,Christmas,Christmas,English
Here Comes Santa Claus,,Christmas,Christmas,English
Rudolph the Red Nosed Reindeer,,Christmas,Christmas,English
Jingle Bells,,Christmas,Christmas,English
Silent Night,,Christmas,Christmas,English
Frosty the Snowman,,Christmas,Christmas,English
Little Drummer Boy,,Christmas,Christmas,English
This Christmas,,Christmas,Christmas,English
I'll Be Home for Christmas,,Christmas,Christmas,English
Jingle Bell Rock,,Christmas,Christmas,English
Island of Misfit Toys,,Christmas,Christmas,English
Silver Bells,,Christmas,Christmas,English
Joy to the World,,Christmas,Christmas,English
The First Noel,,Christmas,Christmas,English
Angels We Have Heard on High,,Christmas,Christmas,English
We Three Kings,,Christmas,Christmas,English
Away in a Manger,,Christmas,Christmas,English
Wellerman,,Sea Shanty,Energetic,English
Drunken Sailor,,Sea Shanty,Energetic,English
Northwest Passage,,Folk,Energetic,English
Leave Her Jonnny,,Sea Shanty,Sad,English
Battle Hymn of the Republic,,Hymn,Gospel,English
Down to the River to Pray,,Folk,Gospel,English
Mo Ghile Mear,,Celtic,Sad,Irish
Death of a Bachelor,Panic! At the Disco,Pop Rock,Love,English
The Ballad of Mona Lisa,Panic! At the Disco,Pop Rock,Energetic,English
Bye Bye Bye,NSYNC,Pop,Energetic,English
Sunroof,Nicky Youre,Pop,Happy,English
Mr. Brightside,The Killers,Indie Rock,Energetic,English
Somebody Told Me,The Killers,Indie Rock,Energetic,English
Gabriela,Katseye,K-Pop,Happy,English
Age of Aggression,Skyrim,Soundtrack,Energetic,English
Creep,Radio Head,Alternative Rock,Sad,English
Nandemonaiya,Radwimps,J-Rock,Nostalgic,Japanese
Make Them Hear You,Ragtime,Musical,Sad,English
Chug Jug,LeviathanJPTV,Comedy,Energetic,English
Someone You Loved,Lewis Capaldi,Pop Ballad,Sad,English
Shinzou wo Sasageyo,Linked Horizon,Anime,Energetic,Japanese
Guren no Yumiya,Linked Horizon,Anime,Energetic,Japanese
Circle of Life,Lion King,Disney,Energetic,English
I Just Can't Wait to be King,Lion King,Disney,Happy,English
Be Prepared,Lion King,Disney,Halloween,English
Hakuna Matata,Lion King,Disney,Happy,English
Can you Feel the Love Tonight,Lion King,Disney,Love,English
Funky Town,Lipps Inc,Disco,Happy,English
Crossing Field,LiSa,Anime,Energetic,Japanese
Gurenge,LiSa,Anime,Energetic,Japanese
Homura,LiSa,Anime,Sad,Japanese
On the Road Again,Lisa McHugh,Country,Happy,English
Poor Unfortunate Souls,Little Mermaid,Disney,Halloween,English
Ram Ranch,Grant MacDonald,Comedy,Energetic,English
Messy,Lola Young,Pop,Angry,English
How Bad Can I Be,Lorax,Musical,Energetic,English
Everybody Wants to Rule the World,Lorde,Indie Pop,Chill,English
